customer_id,first_name,last_name,email,city,signup_date
1,Rahul,Mehra,rahul.mehra1@mail.com,Bareilly,2024-01-12
2,Simran,Kaur,simran.kaur2@mail.com,Delhi,2024-02-20
3,Aditya,Rao,aditya.rao3@mail.com,MUMBAI,2024-03-05
4,Fatima,Sheikh,,Lucknow,2024-03-18
5,Karan,Malhotra,karan.malhotra5@mail.com,Pune,2024-04-02
6,Isha,Bhatt,isha.bhatt6@mail.com,bareilly,2024-04-15
7,Yusuf,Ansari,yusuf.ansari7@mail.com,Kolkata,2024-05-01
8,Meera,Joshi,meera.joshi8@mail.com,Chandigarh,2024-05-19
9,Devansh,Chauhan,devansh.chauhan9@mail.com,Jaipur,2024-06-03
10,Ritika,Bose,ritika.bose10@mail.com,Hyderabad,2024-06-21
11,Aryan,Kapoor,aryan.kapoor11@mail.com,Delhi,2024-07-08
12,Sneha,Pillai,,Bengaluru,2024-07-22
13,Omar,Siddiqui,omar.siddiqui13@mail.com,Lucknow,2024-08-04
14,Tanvi,Desai,tanvi.desai14@mail.com,PUNE,2024-08-19
15,Rahul,Mehra,rahul.mehra1@mail.com,Bareilly,2024-01-12
