transaction_id,customer_id,product_id,quantity,amount,transaction_ts
1,212,17,5,42015.65,2024-03-29 10:07:00
2,170,35,2,27682.18,2024-02-03 15:57:00
3,27,13,2,20274.77,2024-01-27 11:59:00
4,371,20,5,16663.82,2024-05-01 05:29:00
5,109,31,1,14434.92,2024-10-01 15:26:00
6,357,21,2,6292.9,2024-07-20 00:08:00
7,195,33,3,29296.79,2024-05-10 22:37:00
8,239,59,4,58886.51,2024-04-26 14:14:00
9,190,10,2,1560.41,2024-09-26 21:09:00
10,134,10,1,8801.66,2024-04-17 11:25:00
11,169,42,2,17178.87,2024-07-19 11:35:00
12,132,32,3,22139.83,2024-09-26 06:40:00
13,87,32,4,21387.11,2024-07-17 23:47:00
14,278,53,2,28725.57,2024-01-28 01:30:00
15,405,10,1,12653.76,2024-09-14 11:20:00
16,112,60,1,5660.06,2024-08-30 18:11:00
17,248,1,5,1667.1,2024-05-29 18:19:00
18,272,53,1,8082.03,2024-07-01 20:25:00
19,92,40,4,6136.69,2024-03-10 21:07:00
20,130,26,5,20412.03,2024-05-15 19:46:00
21,290,42,4,41954.07,2024-01-30 08:26:00
22,48,1,1,5719.2,2024-08-19 19:59:00
23,43,55,2,13129.38,2024-07-25 00:31:00
24,271,57,1,3522.75,2024-09-09 01:18:00
25,244,58,5,69349.49,2024-04-12 01:56:00
26,289,14,5,13857.81,2024-01-06 16:49:00
27,74,20,5,53595.56,2024-01-29 00:17:00
28,289,22,2,25072.26,2024-07-15 19:30:00
29,387,33,4,47512.85,2024-01-29 13:18:00
30,28,50,3,10674.53,2024-08-08 08:02:00
31,305,51,5,58128.71,2024-04-09 12:22:00
32,252,44,4,33359.26,2024-03-08 15:00:00
33,339,46,5,58025.33,2024-03-30 17:30:00
34,43,48,1,5761.38,2024-02-26 04:05:00
35,163,24,4,5850.98,2024-06-10 22:09:00
36,53,33,3,8673.97,2024-07-20 23:23:00
37,53,51,4,21490.71,2024-08-05 17:47:00
38,414,58,3,17632.8,2024-07-22 17:18:00
39,293,20,2,20621.79,2024-04-07 21:50:00
40,253,31,3,7771.67,2024-04-19 03:16:00
41,185,40,1,3773.44,2024-08-04 04:45:00
42,235,54,2,9277.42,2024-04-30 22:57:00
43,195,53,5,25047.51,2024-10-23 21:44:00
44,70,21,5,45437.26,2024-06-23 09:39:00
45,204,37,2,8883.74,2024-06-27 18:29:00
46,167,60,2,24531.17,2024-02-11 11:10:00
47,103,2,5,41147.1,2024-07-19 06:50:00
48,363,53,4,47941.25,2024-01-26 04:19:00
49,345,10,4,38145.36,2024-08-27 19:29:00
50,194,35,4,59445.72,2024-05-25 22:17:00
51,355,58,5,3234.19,2024-09-12 10:58:00
52,305,43,5,6826.58,2024-08-27 10:12:00
53,86,42,3,2277.2,2024-09-03 15:50:00
54,386,17,4,47854.56,2024-02-05 21:38:00
55,262,29,2,16827.32,2024-03-21 11:24:00
56,201,23,3,30675.17,2024-02-24 21:13:00
57,248,54,1,6297.45,2024-02-12 06:13:00
58,179,23,2,13767.82,2024-06-24 19:52:00
59,50,3,4,41925.88,2024-04-19 07:44:00
60,12,60,1,9754.4,2024-02-29 20:08:00
61,265,15,2,4970.36,2024-06-17 05:29:00
62,323,48,4,38571.1,2024-01-11 15:05:00
63,102,14,5,-32498.83,2024-03-19 04:55:00
64,386,56,3,35880.95,2024-10-18 02:09:00
65,96,56,5,15178.02,2024-09-01 04:40:00
66,271,38,4,19076.14,2024-05-22 22:06:00
67,179,46,1,6921.58,2024-09-02 05:54:00
68,315,20,3,30342.34,2024-03-27 20:40:00
69,94,9,1,2205.38,2024-08-05 03:38:00
70,197,60,5,36754.36,2024-08-22 22:22:00
71,285,40,2,8805.85,2024-06-13 04:54:00
72,184,36,1,7320.16,2024-05-19 18:57:00
73,335,32,5,51508.33,2024-06-10 14:26:00
74,43,18,2,23916.84,2024-01-12 21:41:00
75,276,50,2,23465.62,2024-10-08 06:37:00
76,282,53,4,34532.05,2024-07-16 17:44:00
77,278,14,3,2157.12,2024-07-17 22:06:00
78,53,29,4,39357.45,2024-01-12 17:38:00
79,179,50,3,4185.4,2024-02-12 17:44:00
80,108,40,2,17719.31,2024-09-15 18:39:00
81,85,4,4,47176.16,2024-10-20 06:02:00
82,180,19,5,44963.88,2024-09-13 08:06:00
83,294,53,3,38652.93,2024-09-04 07:48:00
84,70,56,1,11806.58,2024-04-10 23:17:00
85,360,49,2,7638.88,2024-03-31 03:09:00
86,251,29,4,38089.69,2024-05-16 14:18:00
87,325,18,1,11556.14,2024-09-29 23:52:00
88,233,55,3,-14927.81,2024-10-08 20:29:00
89,375,51,1,9558.76,2024-01-24 01:23:00
90,204,21,5,32505.56,2024-04-07 18:30:00
91,173,22,3,6134.95,2024-10-14 00:18:00
92,24,60,1,11779.74,2024-02-15 05:36:00
93,226,59,2,29756.76,2024-09-07 17:00:00
94,333,42,2,26257.57,2024-02-03 23:37:00
95,129,26,3,30002.54,2024-01-19 20:31:00
96,372,7,3,10763.93,2024-09-13 05:00:00
97,110,29,1,2076.36,2024-09-04 13:46:00
98,5,45,1,12274.74,2024-06-02 18:14:00
99,245,7,2,11614.25,2024-02-07 07:01:00
100,189,56,3,6427.09,2024-10-01 05:11:00
101,329,40,2,4455.31,2024-01-04 02:03:00
102,226,40,2,6547.48,2024-05-29 21:34:00
103,112,47,4,6384.12,2024-08-02 15:46:00
104,180,42,4,19141.68,2024-04-10 20:10:00
105,128,45,1,9039.72,2024-10-10 14:44:00
106,338,48,1,3160.35,2024-03-09 16:25:00
107,152,32,4,47113.71,2024-03-28 03:23:00
108,58,24,4,38428.26,2024-01-05 09:26:00
109,68,44,3,37801.62,2024-07-17 22:08:00
110,391,5,2,29623.49,2024-08-01 20:27:00
111,135,33,1,13846.35,2024-05-24 21:33:00
112,322,6,3,34589.12,2024-05-26 11:09:00
113,276,59,5,21167.73,2024-07-05 03:50:00
114,80,44,2,11842.58,2024-08-24 14:23:00
115,159,16,1,10976.11,2024-01-22 01:59:00
116,223,48,1,9222.83,2024-08-30 12:17:00
117,405,34,2,21104.09,2024-05-06 05:33:00
118,370,47,5,28201.13,2024-04-07 20:29:00
119,395,5,1,5091.0,2024-07-09 17:30:00
120,365,24,3,28349.6,2024-07-04 23:16:00
121,256,7,1,2585.7,2024-10-08 13:27:00
122,346,55,5,17512.27,2024-01-17 00:48:00
123,126,60,1,5522.61,2024-03-06 03:47:00
124,284,21,1,10738.62,2024-03-22 17:50:00
125,214,24,2,9732.71,2024-07-27 02:09:00
126,258,3,1,883.87,2024-07-06 18:54:00
127,36,21,4,52014.99,2024-04-23 02:55:00
128,284,20,1,5596.27,2024-10-12 15:07:00
129,125,50,5,44578.93,2024-10-08 07:11:00
130,376,60,2,22861.89,2024-01-03 07:43:00
131,13,22,4,21044.24,2024-01-04 11:50:00
132,389,14,1,12750.04,2024-02-07 20:19:00
133,122,46,5,72108.09,2024-02-21 20:04:00
134,48,45,3,10644.52,2024-05-30 09:20:00
135,235,41,3,4092.39,2024-02-18 14:39:00
136,39,16,4,4108.31,2024-02-17 14:08:00
137,134,21,3,41693.85,2024-09-24 17:36:00
138,232,50,3,3635.75,2024-10-10 23:11:00
139,56,8,5,12741.76,2024-05-28 00:09:00
140,184,55,5,15964.94,2024-04-06 11:40:00
141,47,39,1,10321.9,2024-09-10 17:24:00
142,111,23,1,4983.45,2024-03-31 08:58:00
143,263,2,4,18208.1,2024-03-04 07:16:00
144,232,52,4,33185.41,2024-02-07 02:28:00
145,408,44,2,4093.58,2024-05-15 12:40:00
146,299,13,1,13769.6,2024-01-24 11:21:00
147,66,3,4,50897.01,2024-02-14 14:39:00
148,26,32,4,34601.79,2024-05-23 19:33:00
149,196,18,1,2674.0,2024-03-09 03:21:00
150,229,42,3,1845.93,2024-03-30 11:42:00
151,256,25,3,24914.44,2024-04-11 20:43:00
152,215,52,2,26562.41,2024-08-17 15:36:00
153,10,51,5,58751.63,2024-07-17 06:04:00
154,177,2,4,30340.65,2024-03-06 11:15:00
155,306,52,3,40340.37,2024-01-22 07:58:00
156,272,7,4,35204.08,2024-02-28 02:49:00
157,337,4,2,16103.02,2024-09-25 08:31:00
158,295,12,2,23961.84,2024-03-04 05:55:00
159,304,2,2,22195.01,2024-08-03 09:09:00
160,291,57,3,25469.66,2024-10-22 01:23:00
161,278,39,4,29627.97,2024-03-25 16:41:00
162,11,52,2,218.37,2024-03-14 08:25:00
163,175,4,2,27579.51,2024-04-27 19:33:00
164,76,56,1,13766.56,2024-07-10 14:50:00
165,38,22,3,42403.79,2024-02-06 18:49:00
166,166,41,3,7337.9,2024-10-15 07:13:00
167,333,51,4,42546.93,2024-08-11 10:40:00
168,115,45,3,36705.55,2024-09-24 05:44:00
169,66,26,3,377.37,2024-07-27 13:30:00
170,17,15,5,24203.75,2024-08-10 14:19:00
171,54,23,5,10973.63,2024-03-27 15:38:00
172,86,41,3,43349.55,2024-08-31 22:45:00
173,407,51,3,11452.23,2024-04-03 10:42:00
174,413,57,1,6628.92,2024-03-01 13:29:00
175,253,51,4,21330.78,2024-06-23 13:50:00
176,334,55,5,17302.04,2024-10-17 23:28:00
177,151,11,1,3990.06,2024-05-04 10:45:00
178,83,22,4,33002.15,2024-02-03 21:33:00
179,315,11,5,52984.12,2024-08-25 23:33:00
180,223,27,5,8039.21,2024-03-10 04:06:00
181,370,16,5,40737.05,2024-04-18 06:43:00
182,26,24,1,8289.52,2024-01-20 20:16:00
183,219,13,1,12375.89,2024-06-23 21:10:00
184,14,55,1,9608.68,2024-06-21 10:07:00
185,158,6,1,7116.54,2024-04-06 11:38:00
186,199,3,5,66468.63,2024-06-11 07:14:00
187,226,10,3,10410.71,2024-01-23 10:36:00
188,44,38,1,12141.69,2024-10-02 10:01:00
189,284,44,2,11734.54,2024-07-13 23:23:00
190,294,3,4,28783.14,2024-09-17 01:41:00
191,293,10,5,60132.55,2024-08-13 20:01:00
192,388,52,1,14240.97,2024-03-18 03:31:00
193,65,53,2,2533.54,2024-03-14 12:23:00
194,305,6,2,27341.8,2024-01-25 09:33:00
195,285,59,4,19834.46,2024-06-15 19:26:00
196,359,10,1,7885.7,2024-05-30 21:27:00
197,291,37,2,22799.16,2024-02-08 11:03:00
198,147,25,1,13213.9,2024-04-06 04:03:00
199,293,40,4,2629.1,2024-02-22 09:00:00
200,349,45,5,3384.49,2024-04-30 16:38:00
201,26,22,2,27640.72,2024-01-08 08:47:00
202,160,56,3,22273.85,2024-02-05 18:14:00
203,69,18,2,22362.45,2024-04-26 19:47:00
204,310,27,4,11597.72,2024-10-26 23:57:00
205,389,11,4,22682.54,2024-10-15 04:08:00
206,160,57,1,6109.84,2024-07-09 21:16:00
207,15,16,5,65700.33,2024-01-21 23:33:00
208,234,53,1,5468.95,2024-05-14 02:42:00
209,259,24,4,55414.88,2024-03-29 02:05:00
210,305,23,4,57646.86,2024-07-19 17:37:00
211,84,19,3,11859.87,2024-02-02 21:51:00
212,198,55,1,12821.79,2024-03-19 00:44:00
213,332,2,2,6359.0,2024-07-05 21:07:00
214,243,15,1,9745.48,2024-01-04 01:57:00
215,312,18,3,13951.96,2024-08-22 00:21:00
216,193,44,4,27754.12,2024-04-20 00:11:00
217,320,54,5,8117.76,2024-08-29 03:45:00
218,288,31,3,27523.37,2024-02-09 08:37:00
219,173,42,1,9644.5,2024-04-05 01:56:00
220,97,55,3,34516.0,2024-10-20 05:57:00
221,207,32,5,51214.71,2024-08-26 14:58:00
222,133,46,3,18383.78,2024-07-31 06:32:00
223,98,51,5,53644.58,2024-08-20 09:40:00
224,344,57,4,18288.81,2024-08-27 10:19:00
225,93,52,5,35570.53,2024-09-21 00:46:00
226,391,6,5,71045.53,2024-08-26 06:32:00
227,182,24,2,26168.42,2024-04-30 15:05:00
228,300,38,3,38348.81,2024-08-18 23:26:00
229,318,25,5,66761.69,2024-09-04 20:01:00
230,153,22,5,65377.62,2024-03-13 22:13:00
231,292,12,4,59204.24,2024-09-17 13:36:00
232,250,1,1,14800.93,2024-01-22 02:55:00
233,141,32,4,46502.21,2024-02-27 16:25:00
234,67,25,1,9538.6,2024-06-22 19:35:00
235,20,49,1,10986.55,2024-04-27 07:32:00
236,98,45,5,802.25,2024-03-23 09:08:00
237,160,5,3,17442.86,2024-03-01 19:26:00
238,153,22,1,6892.76,2024-07-09 19:48:00
239,352,49,4,20824.25,2024-05-10 19:10:00
240,85,15,2,27562.36,2024-03-24 03:56:00
241,109,46,2,17772.03,2024-05-13 11:19:00
242,193,39,1,3910.51,2024-01-18 16:33:00
243,339,27,1,12558.02,2024-02-12 03:47:00
244,195,45,4,15460.21,2024-03-15 19:38:00
245,155,39,1,1603.7,2024-08-14 18:05:00
246,215,19,2,3324.65,2024-02-12 20:46:00
247,55,13,1,9173.74,2024-07-09 11:19:00
248,361,45,3,7466.18,2024-03-16 14:51:00
249,170,54,4,1155.92,2024-02-10 04:57:00
250,343,47,5,71233.48,2024-01-28 07:46:00
251,132,30,1,6905.05,2024-04-06 03:57:00
252,52,52,1,13124.57,2024-05-11 03:36:00
253,219,1,3,4543.72,2024-01-17 16:59:00
254,340,18,2,9992.75,2024-08-14 09:25:00
255,191,18,1,2823.94,2024-06-15 05:17:00
256,354,11,4,48073.19,2024-10-17 03:30:00
257,68,7,1,972.89,2024-02-28 00:49:00
258,303,25,4,34307.3,2024-08-10 13:49:00
259,314,31,3,30894.6,2024-02-17 13:41:00
260,58,21,4,26662.76,2024-08-26 11:14:00
261,361,37,1,7919.31,2024-09-20 12:25:00
262,343,7,2,15668.21,2024-08-13 02:15:00
263,339,25,4,29120.94,2024-08-21 12:40:00
264,286,33,2,18464.06,2024-02-27 03:15:00
265,254,22,4,4858.27,2024-03-28 16:56:00
266,26,16,3,24905.8,2024-10-24 11:57:00
267,236,29,1,8637.79,2024-06-30 11:34:00
268,61,27,3,33611.42,2024-05-26 21:18:00
269,286,41,1,12405.87,2024-08-13 09:28:00
270,261,24,3,29559.4,2024-05-04 02:25:00
271,115,31,1,5045.72,2024-08-06 10:27:00
272,367,22,3,4652.73,2024-01-01 19:11:00
273,325,7,3,13349.54,2024-09-12 15:00:00
274,85,7,1,12345.22,2024-05-28 23:44:00
275,313,30,3,5694.7,2024-03-19 11:50:00
276,367,54,2,22762.56,2024-08-18 13:20:00
277,64,9,5,34059.84,2024-07-02 13:44:00
278,3,31,4,3291.06,2024-08-01 00:51:00
279,400,53,5,13697.47,2024-09-22 23:09:00
280,54,57,2,18095.47,2024-07-02 12:58:00
281,215,26,4,54987.91,2024-04-09 14:43:00
282,151,57,3,6259.12,2024-09-11 20:49:00
283,154,60,5,41309.28,2024-09-25 06:25:00
284,324,23,5,16119.64,2024-09-06 23:42:00
285,364,41,2,28758.04,2024-09-09 18:59:00
286,364,43,3,16043.09,2024-07-26 18:18:00
287,346,52,4,50546.17,2024-06-02 18:52:00
288,268,13,1,5774.35,2024-01-21 14:37:00
289,385,54,3,44263.85,2024-02-23 07:30:00
290,354,53,1,3138.82,2024-05-10 14:12:00
291,53,48,4,40660.05,2024-03-22 16:01:00
292,200,45,5,58929.81,2024-04-14 17:25:00
293,196,36,1,14354.82,2024-04-23 20:00:00
294,7,54,1,3125.2,2024-06-10 07:33:00
295,325,48,2,19498.74,2024-07-18 00:23:00
296,101,44,5,72339.41,2024-03-05 14:22:00
297,96,28,1,11052.42,2024-01-15 19:04:00
298,285,22,3,7491.0,2024-01-03 01:19:00
299,364,4,4,2776.62,2024-08-05 07:37:00
300,339,51,5,59347.11,2024-01-27 12:50:00
301,270,11,3,8516.5,2024-07-02 21:59:00
302,279,43,4,5876.32,2024-03-18 16:18:00
303,170,31,3,10062.16,2024-07-12 03:34:00
304,386,16,5,1150.92,2024-06-11 06:17:00
305,319,59,5,3466.05,2024-05-18 20:29:00
306,198,53,1,10886.96,2024-07-07 04:27:00
307,264,13,3,20214.73,2024-08-25 05:08:00
308,264,35,3,4586.54,2024-10-08 13:21:00
309,4,56,5,16199.27,2024-03-18 14:45:00
310,54,50,4,49792.74,2024-09-26 22:14:00
311,332,30,4,4694.67,2024-01-09 15:33:00
312,20,5,3,2722.95,2024-07-22 04:36:00
313,117,28,5,30865.68,2024-05-27 06:07:00
314,9,40,3,-5585.62,2024-09-19 05:57:00
315,388,60,1,777.25,2024-05-10 05:37:00
316,55,49,5,51596.39,2024-04-12 11:56:00
317,196,15,4,39777.74,2024-07-13 05:30:00
318,383,10,2,23964.64,2024-08-18 20:22:00
319,347,24,3,43451.73,2024-08-23 21:47:00
320,284,39,1,2205.61,2024-07-27 12:29:00
321,276,58,4,5469.9,2024-09-26 22:43:00
322,109,12,3,29172.08,2024-02-28 14:26:00
323,316,37,2,5989.31,2024-10-18 03:32:00
324,385,5,1,14915.26,2024-07-19 03:02:00
325,344,22,3,4686.94,2024-06-26 09:08:00
326,66,58,3,10781.32,2024-01-26 09:59:00
327,163,38,2,9983.37,2024-09-09 11:31:00
328,290,1,2,24269.07,2024-03-02 09:35:00
329,127,54,3,32134.44,2024-04-10 17:39:00
330,69,23,3,15118.86,2024-06-11 03:35:00
331,250,55,3,8154.45,2024-04-12 04:03:00
332,276,5,2,22059.1,2024-09-21 20:20:00
333,260,38,1,12208.18,2024-10-07 01:22:00
334,19,42,2,16394.47,2024-06-20 21:18:00
335,188,9,2,26764.62,2024-04-15 22:47:00
336,257,16,4,24045.98,2024-08-29 06:34:00
337,351,37,5,38800.75,2024-03-06 05:23:00
338,338,3,5,11387.56,2024-05-10 15:12:00
339,390,43,2,2071.39,2024-01-16 14:03:00
340,266,57,2,10964.01,2024-06-14 12:44:00
341,21,41,1,4927.98,2024-07-08 19:49:00
342,380,25,3,24631.08,2024-08-25 23:54:00
343,301,59,3,37644.97,2024-05-17 00:24:00
344,265,31,2,24553.29,2024-10-15 14:20:00
345,4,33,5,10848.83,2024-01-29 01:36:00
346,109,8,3,7331.35,2024-10-24 10:39:00
347,213,31,2,21663.06,2024-06-23 07:56:00
348,303,9,2,25033.94,2024-01-16 17:00:00
349,304,10,5,47398.91,2024-07-27 08:33:00
350,86,37,1,2781.74,2024-08-06 05:15:00
351,369,29,1,12337.24,2024-03-19 20:37:00
352,242,10,5,13203.08,2024-08-06 18:12:00
353,393,44,5,49642.13,2024-09-20 16:02:00
354,233,7,3,3374.48,2024-02-18 03:17:00
355,104,39,1,13649.06,2024-02-24 10:53:00
356,91,35,1,9259.36,2024-10-12 09:32:00
357,386,35,5,36424.36,2024-08-07 17:14:00
358,397,45,1,6528.73,2024-01-16 19:34:00
359,220,23,5,60270.38,2024-05-18 19:17:00
360,380,9,5,62869.88,2024-06-03 21:58:00
361,245,57,3,40980.55,2024-08-05 19:57:00
362,210,37,5,902.5,2024-01-03 14:09:00
363,61,21,5,28436.6,2024-10-19 19:58:00
364,186,55,4,25791.57,2024-04-05 03:17:00
365,217,49,5,46083.17,2024-05-24 17:00:00
366,212,36,2,16814.48,2024-07-22 13:26:00
367,130,48,4,34826.32,2024-05-24 22:54:00
368,338,7,2,7045.64,2024-02-28 21:47:00
369,261,44,2,10284.12,2024-09-10 18:58:00
370,83,10,1,9574.2,2024-10-26 17:42:00
371,308,39,4,4215.45,2024-01-30 03:23:00
372,371,19,1,14768.26,2024-07-08 16:36:00
373,30,1,5,61606.14,2024-06-08 19:47:00
374,337,39,2,15640.0,2024-10-12 10:20:00
375,265,16,5,46329.73,2024-05-10 23:27:00
376,81,26,1,4210.74,2024-08-31 19:35:00
377,301,36,4,1311.91,2024-02-02 19:52:00
378,372,18,3,41200.65,2024-10-23 22:04:00
379,311,17,2,13750.73,2024-01-02 16:38:00
380,209,8,2,16846.31,2024-05-03 18:40:00
381,132,29,5,61078.54,2024-09-09 17:56:00
382,289,30,4,14896.06,2024-10-09 09:17:00
383,301,41,4,29123.35,2024-05-19 07:50:00
384,347,34,2,24044.41,2024-05-08 13:24:00
385,5,44,5,20115.87,2024-05-25 05:54:00
386,39,58,3,8275.85,2024-03-20 13:51:00
387,138,32,5,56087.37,2024-03-10 05:42:00
388,121,54,2,26207.47,2024-03-14 19:48:00
389,317,44,2,23411.92,2024-01-29 13:50:00
390,418,40,4,57496.22,2024-05-15 03:33:00
391,253,32,3,39679.77,2024-04-10 00:39:00
392,392,9,2,8550.51,2024-07-28 22:58:00
393,270,23,1,7226.45,2024-07-01 22:41:00
394,352,30,4,27646.71,2024-07-07 16:08:00
395,407,40,3,17258.57,2024-05-11 15:43:00
396,96,22,3,10897.83,2024-08-11 05:12:00
397,95,24,3,9708.43,2024-05-15 13:17:00
398,144,15,4,34454.3,2024-09-06 18:27:00
399,370,13,1,3612.73,2024-05-18 16:12:00
400,379,9,2,24208.53,2024-06-30 21:33:00
401,274,55,5,59006.23,2024-07-23 16:02:00
402,25,17,5,51943.92,2024-10-23 07:15:00
403,323,36,4,44776.73,2024-05-11 04:24:00
404,132,39,5,31173.25,2024-09-04 10:18:00
405,296,19,2,19543.4,2024-10-11 02:26:00
406,167,25,3,22089.43,2024-01-29 13:08:00
407,147,52,5,71766.07,2024-08-21 05:28:00
408,216,6,3,25850.91,2024-01-26 23:24:00
409,176,39,2,9641.61,2024-04-07 09:12:00
410,139,38,4,46945.18,2024-09-29 07:12:00
411,231,16,5,14195.44,2024-09-21 23:22:00
412,381,7,3,3876.13,2024-02-07 12:06:00
413,243,6,1,491.86,2024-10-05 12:38:00
414,135,20,1,1355.32,2024-05-21 22:31:00
415,127,54,2,13405.07,2024-07-10 18:44:00
416,15,30,2,10832.58,2024-06-22 08:42:00
417,140,12,5,10561.74,2024-07-15 08:22:00
418,306,34,5,56292.66,2024-06-07 08:53:00
419,159,29,5,36380.46,2024-02-02 14:32:00
420,188,53,3,7258.04,2024-07-09 12:48:00
421,177,49,2,16145.02,2024-06-28 02:33:00
422,414,1,4,47957.89,2024-10-17 02:15:00
423,192,11,5,66220.48,2024-03-31 23:37:00
424,194,49,4,5117.22,2024-07-07 02:12:00
425,356,18,5,21704.85,2024-10-21 11:28:00
426,97,30,4,11268.2,2024-08-19 21:15:00
427,232,10,5,46893.27,2024-01-08 01:28:00
428,274,46,1,14587.73,2024-02-15 12:36:00
429,403,27,4,9377.35,2024-05-04 11:40:00
430,256,6,3,21025.09,2024-04-30 05:45:00
431,29,13,2,11892.95,2024-03-07 02:52:00
432,196,25,3,5749.05,2024-03-31 15:27:00
433,127,7,4,2393.35,2024-10-07 17:03:00
434,341,60,5,35722.87,2024-04-23 15:15:00
435,82,8,3,2182.84,2024-07-08 15:55:00
436,247,14,3,9180.54,2024-08-30 17:40:00
437,121,38,1,4934.58,2024-04-10 12:35:00
438,203,45,1,232.06,2024-10-12 06:06:00
439,353,32,4,22532.85,2024-02-27 09:59:00
440,352,4,1,13969.58,2024-08-15 14:29:00
441,183,32,1,10549.49,2024-02-15 19:29:00
442,163,58,2,23698.72,2024-10-20 06:47:00
443,376,17,4,41478.06,2024-02-19 01:18:00
444,249,13,1,8429.03,2024-06-27 10:29:00
445,96,59,5,24610.84,2024-08-05 23:20:00
446,83,35,5,12045.17,2024-04-05 21:10:00
447,417,40,3,17241.38,2024-01-07 19:34:00
448,398,53,3,14632.99,2024-07-15 05:28:00
449,98,19,4,30051.92,2024-08-11 04:49:00
450,210,3,3,5235.08,2024-01-25 06:39:00
451,92,3,2,6220.36,2024-02-05 22:55:00
452,329,38,5,49513.42,2024-09-12 08:10:00
453,26,42,3,27384.94,2024-03-16 23:58:00
454,41,57,4,38477.99,2024-09-27 16:36:00
455,189,3,4,3870.91,2024-07-11 14:39:00
456,156,47,1,3316.13,2024-02-06 20:31:00
457,273,41,2,5953.35,2024-07-26 12:58:00
458,286,37,2,12571.33,2024-08-20 12:23:00
459,346,51,3,30035.33,2024-03-01 17:36:00
460,282,29,2,10256.56,2024-08-06 10:08:00
461,162,49,3,44859.2,2024-05-30 03:06:00
462,372,50,4,14744.03,2024-05-16 13:21:00
463,382,1,5,72142.87,2024-05-24 13:49:00
464,146,1,1,7811.9,2024-04-19 21:31:00
465,114,53,3,14374.18,2024-09-08 02:51:00
466,284,3,3,25807.58,2024-02-04 07:53:00
467,183,15,4,16190.36,2024-03-31 23:16:00
468,154,5,3,18169.18,2024-09-24 08:06:00
469,248,53,3,37208.5,2024-07-28 19:11:00
470,305,6,1,655.87,2024-05-18 22:00:00
471,395,56,1,13208.79,2024-02-13 21:17:00
472,383,41,2,18147.79,2024-10-10 01:11:00
473,28,21,4,2850.63,2024-02-24 11:03:00
474,358,29,5,4258.98,2024-05-23 01:03:00
475,295,10,5,17041.49,2024-05-23 13:38:00
476,173,17,2,17228.07,2024-05-25 08:11:00
477,205,31,1,11629.77,2024-02-19 02:31:00
478,102,48,5,49090.77,2024-08-12 06:39:00
479,127,60,5,20332.48,2024-09-06 07:19:00
480,46,21,5,31308.93,2024-03-10 08:31:00
481,305,40,3,34704.06,2024-05-07 07:52:00
482,320,44,4,3070.88,2024-03-13 16:52:00
483,80,16,3,38418.12,2024-01-20 20:33:00
484,76,52,5,61599.08,2024-09-09 14:28:00
485,157,14,1,437.97,2024-07-14 21:09:00
486,280,10,2,7906.53,2024-09-22 18:10:00
487,193,4,1,9986.24,2024-03-03 00:16:00
488,103,1,3,27921.88,2024-08-26 09:21:00
489,199,56,1,9978.09,2024-05-11 03:38:00
490,10,33,1,13262.58,2024-05-18 14:37:00
491,162,33,1,8996.48,2024-03-13 09:47:00
492,288,20,4,1676.8,2024-07-11 18:06:00
493,251,23,3,7315.61,2024-05-08 03:03:00
494,121,41,3,44042.81,2024-01-23 13:50:00
495,199,18,3,36723.63,2024-07-21 01:08:00
496,78,25,2,11905.61,2024-09-22 17:52:00
497,348,37,5,47099.71,2024-03-28 12:18:00
498,219,9,2,27309.93,2024-07-16 10:06:00
499,335,20,2,16331.43,2024-02-20 06:49:00
500,70,60,5,68220.2,2024-08-26 22:14:00
501,81,12,5,42019.64,2024-02-13 02:29:00
502,75,27,3,34514.24,2024-05-30 17:56:00
503,227,18,3,37029.39,2024-09-25 19:42:00
504,399,40,2,4118.33,2024-08-10 19:34:00
505,311,2,3,10619.43,2024-09-07 06:23:00
506,41,31,3,21602.55,2024-08-08 04:03:00
507,95,15,3,22266.09,2024-03-11 08:43:00
508,210,15,1,322.73,2024-05-30 09:14:00
509,388,56,2,5475.28,2024-06-08 22:31:00
510,251,26,5,65074.06,2024-06-04 16:02:00
511,312,48,1,5766.96,2024-08-10 15:24:00
512,305,34,5,48282.05,2024-01-15 00:31:00
513,232,34,1,13178.61,2024-03-30 11:08:00
514,203,41,5,3419.44,2024-10-05 14:04:00
515,98,30,1,6030.19,2024-04-14 02:21:00
516,217,30,2,27587.02,2024-02-21 18:54:00
517,47,35,4,7141.48,2024-09-10 10:44:00
518,202,58,2,13635.3,2024-08-02 22:15:00
519,233,51,2,9856.08,2024-09-16 00:55:00
520,368,24,2,2915.68,2024-08-18 20:36:00
521,269,11,1,10930.15,2024-08-10 20:22:00
522,282,56,4,46187.39,2024-07-24 21:20:00
523,84,20,2,5528.59,2024-06-01 18:21:00
524,374,58,3,20246.08,2024-02-12 19:12:00
525,409,35,2,561.82,2024-06-30 13:12:00
526,312,30,1,3643.63,2024-06-22 04:50:00
527,227,18,4,36164.49,2024-07-18 06:44:00
528,322,4,5,61980.44,2024-02-23 23:28:00
529,19,20,3,1746.81,2024-08-07 15:35:00
530,45,19,3,18936.23,2024-09-01 16:48:00
531,339,30,5,44823.16,2024-03-05 14:18:00
532,185,58,5,7433.37,2024-05-14 04:36:00
533,35,9,4,50660.63,2024-06-20 10:03:00
534,356,45,1,5004.54,2024-03-17 09:39:00
535,314,6,2,17225.88,2024-07-11 14:00:00
536,371,28,4,56059.68,2024-04-14 13:28:00
537,163,40,5,43346.01,2024-02-17 05:27:00
538,255,57,5,47571.55,2024-03-06 12:03:00
539,120,30,5,-73454.59,2024-01-09 17:35:00
540,378,3,1,12013.31,2024-05-30 17:56:00
541,180,45,3,28795.32,2024-03-14 06:00:00
542,131,50,3,14055.36,2024-04-27 22:29:00
543,59,2,1,5185.63,2024-08-12 06:37:00
544,100,52,2,10269.19,2024-06-21 18:14:00
545,331,58,1,2414.41,2024-07-14 12:05:00
546,237,20,3,18801.94,2024-07-08 17:12:00
547,372,44,5,41858.48,2024-07-29 05:22:00
548,182,25,3,6971.38,2024-05-03 11:33:00
549,85,49,5,29519.64,2024-10-11 20:13:00
550,362,32,3,32028.98,2024-02-01 14:27:00
551,191,12,2,28531.56,2024-04-20 01:41:00
552,192,33,1,11688.85,2024-06-10 13:45:00
553,248,47,1,2394.91,2024-06-25 00:38:00
554,159,34,5,11171.2,2024-10-26 07:57:00
555,106,8,2,13888.1,2024-07-09 04:19:00
556,160,22,1,10336.77,2024-02-01 16:52:00
557,24,37,4,46063.4,2024-01-09 04:26:00
558,328,35,3,14641.32,2024-04-10 17:24:00
559,396,8,3,5556.35,2024-04-09 15:04:00
560,319,21,1,1624.49,2024-07-19 00:25:00
561,73,5,3,36238.34,2024-03-03 08:37:00
562,314,31,3,24462.42,2024-01-11 13:20:00
563,55,39,1,1382.27,2024-09-13 13:34:00
564,323,22,5,52601.23,2024-04-23 18:08:00
565,366,49,2,24316.75,2024-10-02 03:46:00
566,291,7,4,48845.17,2024-06-19 11:51:00
567,159,15,4,42727.71,2024-03-25 08:34:00
568,316,22,2,11029.52,2024-08-30 04:26:00
569,233,30,3,3219.02,2024-06-23 06:31:00
570,145,26,2,18211.53,2024-02-07 11:26:00
571,167,26,1,1155.84,2024-06-16 20:03:00
572,212,25,5,18651.2,2024-06-24 15:03:00
573,175,37,1,10441.19,2024-06-07 12:10:00
574,279,60,3,8034.44,2024-09-26 04:41:00
575,250,53,5,44905.6,2024-02-05 13:18:00
576,91,53,4,24582.93,2024-09-06 14:03:00
577,395,6,5,24888.55,2024-01-23 09:14:00
578,72,49,2,27116.84,2024-01-01 01:36:00
579,339,29,2,16030.49,2024-07-29 10:02:00
580,106,20,2,9633.25,2024-09-04 10:04:00
581,368,40,4,20915.55,2024-01-03 22:56:00
582,207,4,5,64010.9,2024-07-18 20:13:00
583,361,56,1,14682.55,2024-04-12 17:58:00
584,121,25,1,8893.03,2024-09-16 03:34:00
585,196,13,4,12985.32,2024-02-20 15:12:00
586,197,56,5,27338.25,2024-04-15 00:41:00
587,401,28,2,4489.37,2024-08-27 13:03:00
588,44,45,2,24216.67,2024-10-14 05:45:00
589,218,29,5,34349.65,2024-10-25 13:53:00
590,182,55,4,-25714.1,2024-06-30 08:57:00
591,365,3,2,12441.79,2024-05-13 14:37:00
592,291,6,1,5591.19,2024-09-08 09:39:00
593,374,18,2,29510.62,2024-10-10 13:52:00
594,265,41,4,53438.52,2024-06-21 00:20:00
595,351,58,1,11991.46,2024-01-20 05:08:00
596,274,37,3,21256.84,2024-06-19 20:12:00
597,216,3,3,44005.83,2024-03-01 23:42:00
598,384,31,5,58983.03,2024-08-17 02:54:00
599,87,40,5,49394.11,2024-09-25 11:19:00
600,147,18,1,1988.76,2024-10-12 08:37:00
601,68,8,3,12600.03,2024-09-26 22:42:00
602,90,52,5,55551.75,2024-05-14 15:04:00
603,134,56,2,7237.11,2024-07-11 00:23:00
604,176,10,1,14513.42,2024-10-26 04:19:00
605,386,47,4,46313.0,2024-06-09 06:23:00
606,108,49,2,25286.31,2024-04-06 06:19:00
607,27,49,1,6040.7,2024-09-28 15:57:00
608,120,34,5,53066.31,2024-02-22 20:20:00
609,7,34,4,47918.81,2024-04-24 22:31:00
610,50,40,1,9597.26,2024-06-06 05:00:00
611,172,26,3,36162.95,2024-07-31 16:36:00
612,396,13,4,14808.07,2024-10-07 12:42:00
613,173,44,5,74494.47,2024-01-04 20:25:00
614,404,15,1,7925.96,2024-05-07 23:35:00
615,129,43,3,1356.48,2024-08-04 07:39:00
616,307,9,2,21300.05,2024-08-08 03:49:00
617,337,58,4,39013.78,2024-03-08 06:31:00
618,357,41,1,4488.37,2024-01-28 13:36:00
619,142,21,4,41655.17,2024-10-07 09:24:00
620,83,22,3,12692.58,2024-05-21 11:33:00
621,133,60,1,4042.77,2024-06-28 00:43:00
622,313,50,2,19434.69,2024-07-15 20:06:00
623,112,7,4,6728.91,2024-04-04 07:08:00
624,38,58,1,10940.15,2024-01-07 19:58:00
625,77,18,4,447.71,2024-05-22 04:05:00
626,359,50,2,-11860.43,2024-09-14 15:09:00
627,245,5,4,50704.71,2024-10-12 22:46:00
628,416,22,5,9525.28,2024-05-10 16:16:00
629,206,35,3,44866.6,2024-05-13 00:31:00
630,42,12,3,34291.53,2024-03-14 22:53:00
631,21,58,5,49722.99,2024-05-22 00:47:00
632,323,48,1,7348.39,2024-06-08 11:09:00
633,72,32,2,953.92,2024-03-27 19:54:00
634,33,29,4,38745.67,2024-10-22 13:25:00
635,19,8,1,5131.34,2024-05-27 15:22:00
636,335,10,2,13858.35,2024-07-14 08:32:00
637,120,2,5,3242.57,2024-08-26 01:16:00
638,317,41,4,42196.1,2024-03-03 17:08:00
639,158,5,1,1548.75,2024-08-03 04:36:00
640,59,13,1,12007.51,2024-10-19 21:25:00
641,173,8,4,58938.62,2024-04-28 01:12:00
642,280,3,5,62813.0,2024-10-05 05:55:00
643,89,11,5,9491.14,2024-05-31 03:40:00
644,284,7,3,11188.64,2024-02-18 13:24:00
645,193,1,5,1659.54,2024-01-03 07:29:00
646,46,52,2,17892.36,2024-09-09 11:55:00
647,355,27,4,8924.61,2024-06-12 23:49:00
648,90,40,2,1319.19,2024-07-01 00:05:00
649,322,16,1,4587.18,2024-07-22 01:20:00
650,61,35,2,29308.34,2024-10-04 02:50:00
651,113,13,5,47169.72,2024-01-20 07:43:00
652,77,11,1,14531.72,2024-03-05 04:44:00
653,28,40,1,4346.75,2024-05-01 17:06:00
654,23,51,4,3522.62,2024-02-27 13:01:00
655,249,38,1,1154.88,2024-06-10 22:54:00
656,167,50,5,56156.7,2024-03-24 18:19:00
657,167,25,1,3632.3,2024-03-13 19:14:00
658,38,14,2,14634.32,2024-02-22 18:30:00
659,233,41,5,28321.51,2024-03-11 16:33:00
660,139,18,3,5983.75,2024-01-22 17:14:00
661,57,15,2,13864.57,2024-05-05 02:12:00
662,310,37,3,35816.46,2024-03-02 20:55:00
663,118,38,5,64343.83,2024-03-19 19:18:00
664,237,16,4,43907.98,2024-03-30 19:17:00
665,223,59,3,40164.15,2024-02-24 05:43:00
666,3,50,5,3789.92,2024-09-24 01:12:00
667,18,53,5,29873.82,2024-09-10 15:27:00
668,232,47,1,1337.15,2024-09-09 08:55:00
669,112,2,4,18026.29,2024-02-03 00:48:00
670,343,38,4,42315.76,2024-09-29 01:53:00
671,233,51,1,2164.63,2024-03-08 08:04:00
672,321,25,3,28611.98,2024-01-26 17:46:00
673,272,35,3,19336.11,2024-08-11 00:07:00
674,107,60,5,6526.85,2024-09-24 21:10:00
675,264,25,1,10152.0,2024-02-10 09:38:00
676,239,46,3,16639.13,2024-07-22 10:47:00
677,288,35,1,3149.42,2024-03-27 21:12:00
678,333,14,1,14093.24,2024-09-12 21:32:00
679,165,4,2,8165.8,2024-04-10 21:43:00
680,191,31,1,7344.27,2024-02-14 16:15:00
681,348,52,5,67508.61,2024-05-14 00:54:00
682,97,19,1,6921.78,2024-03-06 02:28:00
683,56,56,1,1768.28,2024-02-24 19:04:00
684,267,35,2,874.22,2024-09-05 10:55:00
685,243,13,2,13425.92,2024-04-16 03:18:00
686,12,22,1,3560.92,2024-08-22 17:13:00
687,297,43,4,38903.24,2024-08-04 00:50:00
688,281,20,5,23150.65,2024-10-14 09:25:00
689,134,10,2,11281.43,2024-01-18 05:28:00
690,146,35,3,7733.93,2024-09-16 03:54:00
691,94,51,3,37817.64,2024-08-30 14:42:00
692,83,29,2,1424.4,2024-02-16 01:08:00
693,190,23,3,25441.87,2024-04-25 09:29:00
694,191,59,2,29268.83,2024-02-14 05:35:00
695,208,10,1,11550.69,2024-04-26 14:06:00
696,379,31,1,7659.9,2024-04-17 14:36:00
697,387,47,3,25944.34,2024-07-24 19:04:00
698,174,44,4,44004.7,2024-02-20 18:17:00
699,60,23,5,30418.44,2024-06-11 08:58:00
700,168,51,1,9655.2,2024-03-21 21:07:00
701,101,6,3,24365.64,2024-09-01 12:09:00
702,202,59,5,24169.55,2024-01-21 09:45:00
703,204,1,3,38464.6,2024-05-15 17:50:00
704,177,14,3,43995.24,2024-02-01 21:26:00
705,380,47,4,48298.87,2024-10-20 08:04:00
706,374,10,4,8714.79,2024-02-01 08:09:00
707,156,60,2,26052.0,2024-01-25 01:43:00
708,388,27,5,988.14,2024-04-09 12:23:00
709,285,12,2,17123.04,2024-03-13 13:08:00
710,149,20,4,2913.25,2024-08-01 01:37:00
711,287,17,4,13778.3,2024-02-26 01:52:00
712,328,27,3,21421.01,2024-04-14 17:51:00
713,252,18,2,19413.91,2024-10-05 10:12:00
714,35,56,4,21958.31,2024-06-07 18:25:00
715,322,33,3,43849.29,2024-05-15 21:05:00
716,9,30,5,12627.93,2024-04-26 09:24:00
717,183,4,2,8324.12,2024-05-09 14:38:00
718,150,41,3,42153.18,2024-10-06 01:16:00
719,392,53,2,22627.83,2024-04-25 03:05:00
720,139,23,3,31068.16,2024-07-30 04:31:00
721,7,22,2,8584.81,2024-05-30 00:03:00
722,53,58,2,15199.82,2024-10-16 11:44:00
723,315,36,5,71460.66,2024-09-16 10:19:00
724,214,31,1,1237.44,2024-01-07 07:51:00
725,160,34,3,6511.34,2024-08-05 14:20:00
726,89,9,3,1582.64,2024-03-21 22:59:00
727,353,28,2,3933.51,2024-01-29 14:51:00
728,40,7,1,7314.88,2024-03-12 11:44:00
729,338,3,1,982.11,2024-04-02 02:51:00
730,155,14,1,11342.55,2024-08-07 02:32:00
731,103,18,5,26686.02,2024-09-28 16:22:00
732,179,16,5,64207.06,2024-08-11 04:05:00
733,292,14,5,61558.29,2024-07-11 13:03:00
734,145,7,2,-22669.24,2024-09-21 02:11:00
735,259,29,2,14345.47,2024-03-08 09:39:00
736,93,15,1,14721.37,2024-07-06 05:35:00
737,58,9,4,19128.36,2024-07-08 05:26:00
738,391,21,4,17578.12,2024-01-30 22:41:00
739,60,54,4,27631.8,2024-09-07 03:30:00
740,116,55,4,17716.29,2024-03-09 17:37:00
741,244,32,1,5574.24,2024-09-02 10:53:00
742,203,26,1,9912.03,2024-02-22 04:45:00
743,356,5,4,6459.05,2024-03-02 10:19:00
744,102,15,3,26893.53,2024-02-14 16:42:00
745,372,18,4,45982.15,2024-08-04 03:23:00
746,183,33,4,36347.07,2024-06-25 09:54:00
747,76,15,3,5126.56,2024-06-30 01:14:00
748,16,2,2,1773.11,2024-09-03 21:23:00
749,196,7,2,9941.94,2024-08-14 21:53:00
750,339,19,1,11536.59,2024-03-14 12:30:00
751,252,35,4,32727.48,2024-07-15 19:12:00
752,392,29,1,6512.49,2024-05-19 16:12:00
753,193,56,3,1905.46,2024-08-28 02:01:00
754,362,32,3,19549.74,2024-05-21 15:50:00
755,292,31,1,9934.83,2024-07-27 08:02:00
756,288,38,4,30596.46,2024-06-29 02:40:00
757,316,2,4,46080.72,2024-01-23 08:43:00
758,24,2,5,27794.38,2024-07-31 14:46:00
759,195,4,3,15725.93,2024-05-07 21:26:00
760,127,5,2,9499.19,2024-09-07 11:45:00
761,59,43,3,1178.19,2024-06-16 19:29:00
762,291,38,4,25499.57,2024-06-20 00:18:00
763,163,32,1,5914.87,2024-10-21 07:15:00
764,354,43,1,5105.25,2024-10-05 11:49:00
765,86,41,3,16539.13,2024-06-29 22:25:00
766,275,26,1,4050.08,2024-07-27 19:30:00
767,320,38,2,2938.53,2024-02-04 11:47:00
768,140,23,3,36112.4,2024-03-17 08:43:00
769,334,35,1,7618.63,2024-08-29 13:22:00
770,103,49,3,11529.29,2024-09-01 12:10:00
771,93,37,5,47272.51,2024-03-08 22:00:00
772,110,60,4,49504.21,2024-04-07 13:15:00
773,315,41,5,68058.8,2024-09-21 13:15:00
774,268,44,1,6990.51,2024-09-28 18:26:00
775,223,14,3,38749.89,2024-08-18 19:20:00
776,137,16,4,38902.73,2024-08-06 21:38:00
777,123,30,4,11834.96,2024-04-23 01:32:00
778,287,11,4,25550.03,2024-03-14 13:01:00
779,70,12,3,35597.61,2024-07-19 12:08:00
780,370,21,1,395.66,2024-01-31 13:23:00
781,153,43,5,67592.33,2024-05-12 07:44:00
782,204,37,1,10890.82,2024-02-10 18:04:00
783,62,17,5,62258.27,2024-07-10 05:47:00
784,47,54,4,7684.19,2024-04-29 21:20:00
785,378,14,5,56252.62,2024-06-02 23:05:00
786,55,56,2,29103.66,2024-04-02 14:09:00
787,29,35,5,28412.39,2024-04-25 05:31:00
788,244,24,4,57813.45,2024-02-22 18:15:00
789,367,3,4,18764.25,2024-08-08 13:41:00
790,354,20,1,10106.49,2024-05-20 01:28:00
791,351,1,3,39052.4,2024-05-21 10:30:00
792,131,14,4,56204.56,2024-04-18 06:55:00
793,225,51,2,26407.88,2024-05-27 22:12:00
794,141,48,1,12365.47,2024-06-20 12:27:00
795,171,45,4,52654.48,2024-02-28 09:06:00
796,260,48,3,19111.18,2024-07-18 10:07:00
797,233,41,3,34359.59,2024-03-07 21:32:00
798,329,37,4,24277.05,2024-04-24 05:20:00
799,57,49,1,7793.37,2024-08-24 08:37:00
800,305,56,2,23820.33,2024-06-23 04:01:00
801,134,13,2,17871.19,2024-04-12 14:22:00
802,213,15,1,5962.46,2024-07-26 16:08:00
803,12,30,1,9741.54,2024-02-02 09:29:00
804,135,39,2,5227.27,2024-06-05 03:48:00
805,77,1,3,16744.13,2024-02-12 17:25:00
806,223,8,5,69656.86,2024-06-28 21:56:00
807,366,19,2,28392.25,2024-04-06 22:06:00
808,196,47,4,51437.15,2024-04-13 00:36:00
809,215,16,2,23815.0,2024-04-05 07:38:00
810,231,6,5,28034.86,2024-06-15 19:29:00
811,241,14,1,4915.69,2024-09-07 01:48:00
812,363,4,4,35991.27,2024-07-21 19:08:00
813,171,43,1,7116.36,2024-08-08 18:34:00
814,364,25,5,3885.86,2024-08-13 14:39:00
815,203,38,3,6208.45,2024-01-15 23:21:00
816,134,9,2,14885.61,2024-06-19 10:11:00
817,163,3,1,6550.08,2024-04-24 01:23:00
818,256,19,2,25076.83,2024-06-05 14:08:00
819,314,58,3,41724.02,2024-06-07 15:51:00
820,162,55,2,14838.97,2024-07-21 07:33:00
821,28,17,4,3648.42,2024-06-20 05:05:00
822,362,3,2,3655.75,2024-06-29 04:35:00
823,183,55,4,33825.17,2024-02-10 22:57:00
824,64,48,2,6269.67,2024-03-02 06:35:00
825,140,34,5,49902.07,2024-01-02 12:03:00
826,93,7,5,6219.63,2024-09-03 10:55:00
827,14,38,3,44165.6,2024-05-16 00:12:00
828,166,31,1,1306.92,2024-08-28 03:08:00
829,322,42,4,-35812.95,2024-01-16 23:08:00
830,232,37,5,54998.78,2024-10-17 04:35:00
831,109,4,2,24086.03,2024-10-17 14:18:00
832,281,16,1,5782.11,2024-03-05 19:28:00
833,46,19,4,12806.91,2024-05-26 12:11:00
834,62,58,2,24072.39,2024-04-22 21:42:00
835,68,32,5,7655.79,2024-03-13 18:30:00
836,199,28,4,33956.45,2024-10-02 10:18:00
837,315,22,3,28490.57,2024-07-05 21:38:00
838,347,34,4,41298.44,2024-06-29 08:11:00
839,43,20,5,33080.17,2024-06-22 21:25:00
840,66,19,2,9150.78,2024-06-04 17:34:00
841,25,28,5,68838.59,2024-07-04 22:08:00
842,49,17,4,43329.36,2024-05-09 10:02:00
843,42,12,5,1707.1,2024-06-17 12:41:00
844,202,38,2,12603.13,2024-04-24 07:18:00
845,388,12,4,37577.59,2024-10-21 21:56:00
846,95,7,2,29469.11,2024-09-02 04:20:00
847,274,31,4,23935.64,2024-08-26 18:28:00
848,355,32,4,39598.57,2024-09-21 07:06:00
849,317,44,3,27867.34,2024-09-08 07:52:00
850,155,2,4,8449.33,2024-10-24 02:02:00
851,14,54,2,19528.27,2024-06-07 15:58:00
852,98,2,5,57843.07,2024-06-02 14:26:00
853,86,31,1,11107.58,2024-06-25 14:24:00
854,231,4,1,3099.14,2024-05-22 15:01:00
855,5,55,3,38188.58,2024-05-31 08:19:00
856,378,32,4,43971.21,2024-01-14 11:27:00
857,249,56,4,43585.9,2024-10-24 08:20:00
858,119,36,4,31885.32,2024-04-24 23:56:00
859,138,40,1,6314.77,2024-06-29 03:31:00
860,230,31,3,1227.13,2024-03-10 23:28:00
861,225,59,3,10118.35,2024-05-03 11:33:00
862,367,25,5,10266.97,2024-09-16 00:10:00
863,345,40,4,21868.67,2024-02-28 23:48:00
864,145,13,2,2766.69,2024-03-04 02:14:00
865,311,20,2,23845.36,2024-06-28 18:14:00
866,108,23,2,29977.98,2024-04-04 22:58:00
867,90,22,2,26854.62,2024-01-24 04:19:00
868,59,22,4,7589.49,2024-04-03 20:53:00
869,394,55,3,39533.43,2024-02-25 01:01:00
870,310,52,5,53125.7,2024-06-08 09:47:00
871,387,55,4,6707.58,2024-10-11 18:35:00
872,288,59,1,1669.73,2024-03-15 18:41:00
873,81,47,3,31954.03,2024-06-30 11:00:00
874,79,29,1,5084.99,2024-03-14 12:08:00
875,394,19,4,15017.82,2024-05-04 06:30:00
876,88,41,5,28243.37,2024-05-11 07:21:00
877,78,52,2,15982.64,2024-02-20 05:48:00
878,212,51,4,53924.28,2024-07-06 22:14:00
879,16,5,3,34725.1,2024-07-07 08:39:00
880,174,26,1,14730.96,2024-01-23 09:07:00
881,339,46,1,2348.34,2024-08-17 23:04:00
882,152,47,5,66490.25,2024-04-20 19:12:00
883,409,45,3,40539.02,2024-02-23 11:17:00
884,229,42,4,53299.3,2024-08-13 01:48:00
885,358,13,4,48784.38,2024-10-09 07:33:00
886,44,57,3,15249.84,2024-09-26 10:40:00
887,267,20,2,8659.62,2024-07-19 21:34:00
888,175,35,5,12417.84,2024-10-17 00:47:00
889,133,8,5,58173.63,2024-07-02 23:09:00
890,191,42,1,7661.25,2024-10-02 10:55:00
891,230,52,1,11078.93,2024-03-26 23:02:00
892,290,15,5,70346.37,2024-08-04 19:59:00
893,154,9,3,35379.43,2024-09-01 19:48:00
894,267,53,4,6667.95,2024-03-11 02:34:00
895,233,6,3,32109.46,2024-01-30 20:03:00
896,218,44,1,7195.65,2024-05-14 10:56:00
897,207,38,5,39159.0,2024-04-06 00:11:00
898,326,47,4,26626.53,2024-06-27 05:40:00
899,84,46,4,7973.1,2024-02-17 02:35:00
900,271,11,5,16337.93,2024-09-28 18:59:00
901,190,8,5,9343.67,2024-02-10 04:07:00
902,293,24,3,23666.72,2024-04-21 00:28:00
903,151,27,3,35666.18,2024-08-02 16:12:00
904,157,1,1,3311.38,2024-06-26 23:08:00
905,281,20,1,13069.23,2024-07-27 15:28:00
906,232,54,5,58709.43,2024-09-19 03:44:00
907,68,43,5,38102.43,2024-06-12 19:32:00
908,77,40,4,19780.19,2024-08-29 22:30:00
909,199,57,4,23963.25,2024-09-01 02:25:00
910,377,37,4,5672.74,2024-01-10 00:44:00
911,288,35,3,29081.9,2024-08-13 06:19:00
912,388,33,5,42981.06,2024-06-22 05:54:00
913,62,51,1,8024.24,2024-04-10 02:39:00
914,126,52,2,25199.42,2024-01-31 19:39:00
915,311,22,5,44370.47,2024-01-09 11:16:00
916,93,6,4,51634.48,2024-04-03 15:15:00
917,51,6,1,4351.03,2024-10-06 17:32:00
918,158,12,2,20421.89,2024-04-28 10:26:00
919,366,58,1,5909.49,2024-05-30 07:18:00
920,133,16,3,37299.52,2024-03-14 17:59:00
921,301,18,5,38389.83,2024-02-11 21:35:00
922,163,41,1,6164.85,2024-05-28 08:44:00
923,10,49,2,28911.47,2024-03-30 16:20:00
924,334,55,5,23190.18,2024-01-31 13:12:00
925,105,51,5,11102.06,2024-03-02 05:39:00
926,276,1,2,28848.22,2024-01-16 05:11:00
927,318,18,4,-58335.96,2024-06-24 13:24:00
928,129,14,5,28818.34,2024-08-18 04:18:00
929,262,20,5,12521.32,2024-01-26 11:06:00
930,203,57,1,12474.25,2024-04-11 17:56:00
931,108,22,4,57461.89,2024-09-05 08:17:00
932,386,22,3,12501.51,2024-04-27 02:31:00
933,236,42,2,9986.68,2024-02-18 16:30:00
934,312,36,1,13531.43,2024-05-30 10:16:00
935,391,5,4,5232.79,2024-08-25 02:51:00
936,16,23,5,61295.3,2024-02-14 22:25:00
937,308,1,4,10957.03,2024-09-10 18:44:00
938,237,2,1,-2974.76,2024-09-27 13:41:00
939,349,41,3,16292.67,2024-08-11 08:20:00
940,368,18,3,44111.27,2024-01-14 09:31:00
941,361,41,4,12858.38,2024-10-25 23:05:00
942,57,13,4,34316.77,2024-07-19 21:34:00
943,345,48,5,42600.77,2024-02-16 16:38:00
944,66,47,1,8591.13,2024-07-09 10:44:00
945,99,35,3,1330.42,2024-09-03 18:08:00
946,130,42,5,-66290.51,2024-06-04 12:10:00
947,166,34,1,14927.08,2024-09-04 15:26:00
948,254,4,4,45636.73,2024-03-22 18:07:00
949,216,6,3,14433.96,2024-05-01 20:42:00
950,13,59,5,17305.41,2024-01-28 02:28:00
951,101,2,2,9460.64,2024-02-05 05:12:00
952,222,54,4,35713.2,2024-05-01 17:10:00
953,127,53,3,10952.37,2024-01-20 19:38:00
954,267,29,3,42476.41,2024-08-13 13:51:00
955,321,25,1,1959.04,2024-01-13 03:21:00
956,356,4,3,5998.23,2024-06-09 21:32:00
957,313,4,3,3238.02,2024-07-22 14:52:00
958,196,51,3,27892.25,2024-08-06 07:10:00
959,6,40,5,35080.9,2024-08-13 19:29:00
960,174,22,1,10168.74,2024-07-07 07:28:00
961,99,51,5,1410.56,2024-08-03 20:43:00
962,294,47,2,15364.18,2024-06-24 06:31:00
963,228,20,5,10752.3,2024-02-16 11:41:00
964,224,57,5,49050.28,2024-07-31 12:09:00
965,398,24,5,35476.87,2024-04-15 23:21:00
966,266,53,1,10206.35,2024-07-03 15:10:00
967,28,51,5,15053.81,2024-03-14 06:38:00
968,175,39,1,7187.78,2024-06-19 04:13:00
969,297,11,3,15302.03,2024-04-29 15:31:00
970,233,41,1,13667.0,2024-01-02 08:18:00
971,355,50,2,18792.06,2024-09-24 10:54:00
972,379,24,3,18192.17,2024-01-03 10:46:00
973,38,13,1,8364.46,2024-06-09 08:20:00
974,392,12,5,73160.42,2024-04-13 10:30:00
975,135,13,2,10325.24,2024-03-06 00:07:00
976,91,9,1,13668.58,2024-09-03 15:40:00
977,336,30,4,7010.2,2024-04-21 01:45:00
978,190,40,2,19894.4,2024-10-17 21:58:00
979,365,13,4,9004.74,2024-10-16 09:55:00
980,273,16,2,11351.56,2024-08-19 14:42:00
981,391,10,1,2916.81,2024-10-14 11:31:00
982,127,38,3,35863.24,2024-07-04 01:19:00
983,108,5,4,47165.19,2024-08-11 20:57:00
984,261,32,2,26495.94,2024-05-16 06:23:00
985,238,46,5,53578.83,2024-06-24 23:06:00
986,243,42,4,24293.99,2024-07-31 14:55:00
987,107,14,1,3123.91,2024-05-24 03:25:00
988,218,17,3,25838.97,2024-05-16 04:59:00
989,44,15,5,6755.52,2024-05-08 00:06:00
990,22,28,5,46771.98,2024-06-19 05:31:00
991,189,29,4,19291.69,2024-03-06 09:04:00
992,136,33,2,10899.69,2024-07-01 16:29:00
993,330,5,5,21090.04,2024-02-13 04:14:00
994,20,20,3,15216.98,2024-04-01 00:44:00
995,98,46,3,44910.4,2024-09-30 22:25:00
996,410,26,5,21493.88,2024-05-27 00:33:00
997,388,10,5,35661.66,2024-10-04 03:07:00
998,117,38,4,45047.57,2024-07-06 19:21:00
999,388,21,5,61171.7,2024-02-01 06:23:00
1000,220,55,2,20998.05,2024-06-12 19:54:00
1001,16,1,5,43522.27,2024-09-25 15:02:00
1002,338,49,4,20650.76,2024-09-06 16:17:00
1003,391,37,4,32439.35,2024-01-09 11:04:00
1004,72,52,1,14294.25,2024-08-17 07:37:00
1005,312,5,5,29617.95,2024-05-22 05:25:00
1006,198,41,5,8589.1,2024-06-13 09:34:00
1007,48,39,3,30466.41,2024-09-07 20:47:00
1008,14,14,4,4537.94,2024-04-13 08:02:00
1009,150,1,2,2283.53,2024-07-07 18:59:00
1010,168,9,2,12442.49,2024-02-10 07:41:00
1011,215,9,5,5618.19,2024-03-16 04:14:00
1012,159,37,2,21347.63,2024-08-07 19:17:00
1013,301,1,3,32338.86,2024-03-14 10:30:00
1014,229,22,2,12096.06,2024-07-10 11:00:00
1015,252,42,5,43419.77,2024-04-14 19:48:00
1016,178,53,4,42813.06,2024-08-11 04:42:00
1017,213,25,2,27018.75,2024-06-15 16:33:00
1018,358,57,2,11926.62,2024-03-28 06:29:00
1019,141,45,2,16223.65,2024-01-25 07:13:00
1020,253,5,2,22902.98,2024-05-14 06:01:00
1021,259,14,1,4956.92,2024-04-02 00:42:00
1022,23,30,5,5948.43,2024-09-29 23:17:00
1023,176,17,4,51403.5,2024-01-04 21:49:00
1024,364,30,1,4973.27,2024-06-25 11:53:00
1025,43,31,1,3709.42,2024-02-21 01:34:00
1026,83,8,3,1104.61,2024-04-17 02:16:00
1027,380,18,5,6275.49,2024-09-03 15:03:00
1028,226,35,2,6655.27,2024-09-02 18:37:00
1029,227,43,2,25127.41,2024-08-21 09:14:00
1030,200,50,1,6714.85,2024-01-18 17:14:00
1031,393,6,4,15279.11,2024-03-13 19:30:00
1032,216,43,1,315.96,2024-09-04 13:34:00
1033,113,11,1,1538.48,2024-08-29 19:04:00
1034,23,41,2,3407.19,2024-07-23 15:18:00
1035,320,15,2,16341.82,2024-02-13 23:36:00
1036,55,1,2,5372.27,2024-04-25 03:20:00
1037,109,40,4,4330.83,2024-08-24 15:18:00
1038,23,32,3,10067.33,2024-08-06 00:59:00
1039,365,17,1,14858.91,2024-03-03 10:13:00
1040,308,45,1,9499.65,2024-10-07 20:39:00
1041,171,31,2,22898.67,2024-08-30 14:50:00
1042,172,41,1,13690.25,2024-07-05 01:24:00
1043,258,49,2,29653.73,2024-08-12 09:44:00
1044,159,4,1,6484.05,2024-01-29 21:43:00
1045,192,3,2,6218.36,2024-08-21 18:13:00
1046,372,9,2,28387.01,2024-04-29 16:08:00
1047,163,42,3,34293.36,2024-05-31 01:23:00
1048,385,14,3,38157.53,2024-03-29 04:48:00
1049,28,45,5,50041.27,2024-09-07 06:09:00
1050,312,1,2,15738.91,2024-08-17 07:07:00
1051,252,14,1,2966.93,2024-02-21 12:43:00
1052,47,16,2,16554.74,2024-03-15 09:50:00
1053,41,16,5,35294.37,2024-03-12 22:05:00
1054,91,13,4,18462.01,2024-08-19 09:59:00
1055,247,31,3,43773.14,2024-03-02 01:57:00
1056,217,51,4,44200.65,2024-10-25 09:48:00
1057,11,39,4,25870.59,2024-04-19 07:27:00
1058,79,30,5,13585.48,2024-04-21 08:32:00
1059,193,31,3,21792.18,2024-09-17 06:34:00
1060,80,47,2,322.59,2024-09-22 22:03:00
1061,252,24,3,18885.41,2024-09-27 05:23:00
1062,251,59,4,59256.27,2024-01-15 03:16:00
1063,198,50,1,2518.36,2024-04-02 22:28:00
1064,261,42,3,28682.5,2024-01-22 00:13:00
1065,218,24,4,14841.2,2024-10-23 01:12:00
1066,358,10,1,2302.62,2024-09-04 23:14:00
1067,127,8,3,42844.34,2024-01-05 11:48:00
1068,330,34,1,5826.17,2024-01-30 06:05:00
1069,217,35,2,12919.62,2024-07-01 06:43:00
1070,301,56,4,24929.54,2024-09-21 22:19:00
1071,56,18,1,11672.47,2024-02-21 23:02:00
1072,384,32,2,9380.01,2024-10-24 05:43:00
1073,50,19,1,10474.82,2024-08-26 07:17:00
1074,88,12,4,11506.19,2024-06-26 02:51:00
1075,57,48,5,61169.67,2024-01-22 11:23:00
1076,389,41,2,29491.79,2024-06-09 11:09:00
1077,56,8,5,12872.23,2024-05-17 12:38:00
1078,33,49,3,26477.15,2024-09-01 23:03:00
1079,5,51,1,-11301.55,2024-07-31 01:29:00
1080,50,49,1,11897.41,2024-07-08 08:28:00
1081,249,44,3,15363.25,2024-05-14 23:58:00
1082,162,40,3,42362.12,2024-05-17 18:49:00
1083,183,26,1,-12113.23,2024-09-11 05:54:00
1084,14,49,2,26096.1,2024-09-11 14:16:00
1085,189,27,2,20647.68,2024-07-06 11:23:00
1086,2,41,2,28734.82,2024-01-07 01:19:00
1087,24,39,3,33190.05,2024-03-26 00:51:00
1088,205,43,4,47719.21,2024-06-22 08:25:00
1089,376,57,1,9146.5,2024-07-08 08:18:00
1090,367,54,5,10021.31,2024-04-19 17:13:00
1091,240,35,5,33745.59,2024-08-29 06:15:00
1092,125,7,2,22646.43,2024-02-02 13:28:00
1093,367,50,4,55768.32,2024-05-19 14:59:00
1094,113,8,3,30066.19,2024-09-01 03:48:00
1095,274,56,2,14859.36,2024-05-01 04:03:00
1096,295,59,2,18099.45,2024-05-17 06:21:00
1097,335,15,4,33887.48,2024-10-21 08:19:00
1098,133,38,2,2811.05,2024-09-26 15:17:00
1099,382,25,2,17269.75,2024-04-24 02:17:00
1100,402,28,5,44457.4,2024-05-21 07:40:00
1101,395,43,3,30663.84,2024-07-08 05:39:00
1102,303,21,5,29947.75,2024-06-16 16:48:00
1103,152,19,2,15094.01,2024-08-06 23:41:00
1104,383,21,2,24078.1,2024-08-06 01:05:00
1105,258,37,3,5816.21,2024-09-14 05:41:00
1106,324,4,4,29901.5,2024-05-17 03:43:00
1107,79,15,3,9712.04,2024-10-22 01:32:00
1108,398,43,1,7363.31,2024-10-23 17:41:00
1109,12,49,2,10253.5,2024-05-06 19:33:00
1110,201,45,4,43713.48,2024-03-12 00:44:00
1111,202,4,5,24591.3,2024-10-20 02:49:00
1112,235,19,3,26097.67,2024-06-24 15:38:00
1113,108,24,2,22501.3,2024-01-04 07:48:00
1114,53,44,5,74142.01,2024-06-04 12:09:00
1115,29,8,2,29229.88,2024-01-20 02:30:00
1116,333,26,5,32816.87,2024-09-20 01:44:00
1117,18,12,2,12018.81,2024-08-05 01:17:00
1118,398,30,4,47800.56,2024-10-10 03:54:00
1119,141,6,4,26926.83,2024-02-12 11:06:00
1120,251,37,1,13636.24,2024-08-01 15:58:00
1121,246,25,5,56027.99,2024-03-06 22:26:00
1122,331,5,4,18179.65,2024-04-28 09:53:00
1123,95,35,5,52703.78,2024-10-24 15:05:00
1124,251,51,5,62866.41,2024-10-25 03:01:00
1125,386,56,1,14488.61,2024-03-06 18:40:00
1126,356,3,5,41824.55,2024-02-14 19:11:00
1127,295,3,2,5002.39,2024-10-01 04:24:00
1128,64,43,1,5516.4,2024-06-03 00:40:00
1129,128,19,1,14198.54,2024-10-12 00:13:00
1130,228,39,5,37035.44,2024-05-08 04:50:00
1131,262,3,5,7871.68,2024-03-27 07:48:00
1132,73,36,2,25011.97,2024-08-07 05:37:00
1133,303,36,2,4027.32,2024-01-28 01:45:00
1134,134,17,3,40693.31,2024-01-31 07:29:00
1135,356,41,4,12541.08,2024-04-08 02:03:00
1136,366,11,2,19787.39,2024-08-08 06:05:00
1137,79,16,4,47351.08,2024-08-07 18:24:00
1138,139,22,1,1737.96,2024-01-25 00:21:00
1139,186,15,1,11693.04,2024-10-17 13:52:00
1140,6,51,3,44082.93,2024-02-08 05:31:00
1141,90,32,1,13145.0,2024-10-20 17:54:00
1142,271,39,1,8624.73,2024-04-08 16:30:00
1143,25,52,1,14202.95,2024-05-05 16:10:00
1144,283,17,5,63796.68,2024-02-16 10:44:00
1145,352,37,1,2415.98,2024-05-17 22:00:00
1146,28,16,3,28870.87,2024-10-10 02:08:00
1147,215,30,5,14137.2,2024-10-17 17:07:00
1148,147,15,5,32365.64,2024-10-23 09:02:00
1149,326,55,3,42651.07,2024-04-23 20:44:00
1150,325,37,1,10976.03,2024-03-01 02:46:00
1151,44,28,1,8356.53,2024-01-04 21:27:00
1152,375,57,5,37583.98,2024-09-03 09:44:00
1153,358,1,5,1530.64,2024-09-28 13:55:00
1154,360,59,4,20962.99,2024-08-28 17:25:00
1155,351,60,5,45747.37,2024-09-02 14:03:00
1156,116,4,5,27842.13,2024-05-08 15:06:00
1157,254,16,4,22645.2,2024-09-04 05:44:00
1158,393,14,5,22106.27,2024-04-06 09:25:00
1159,378,33,1,5964.35,2024-08-22 02:23:00
1160,238,40,1,12740.29,2024-01-03 03:28:00
1161,169,12,4,6783.41,2024-09-20 00:43:00
1162,414,58,4,29723.92,2024-07-06 06:11:00
1163,211,17,2,14723.86,2024-08-27 01:45:00
1164,241,35,2,9117.29,2024-03-07 07:55:00
1165,56,23,3,29634.67,2024-02-20 22:14:00
1166,3,19,4,52282.12,2024-03-10 00:27:00
1167,69,43,1,11184.21,2024-02-28 08:49:00
1168,246,36,2,29491.24,2024-06-27 01:32:00
1169,350,33,4,19760.61,2024-05-25 14:10:00
1170,68,23,4,6826.05,2024-02-26 15:08:00
1171,7,28,5,18115.8,2024-05-04 13:40:00
1172,416,28,5,22061.71,2024-10-04 00:50:00
1173,317,8,2,15433.97,2024-10-06 03:46:00
1174,359,51,3,36980.7,2024-09-14 05:08:00
1175,359,41,1,9205.01,2024-08-03 05:57:00
1176,118,60,2,12157.04,2024-03-10 23:16:00
1177,219,27,2,6147.78,2024-05-18 11:34:00
1178,157,31,5,73519.16,2024-06-04 03:06:00
1179,262,18,1,868.72,2024-05-12 08:58:00
1180,365,1,3,14594.85,2024-01-15 21:17:00
1181,339,7,1,3257.68,2024-08-08 19:52:00
1182,95,7,4,29678.63,2024-02-10 14:33:00
1183,350,52,1,12943.28,2024-09-26 21:30:00
1184,381,18,3,23938.72,2024-08-24 17:57:00
1185,300,39,2,26638.15,2024-09-27 08:49:00
1186,22,13,1,13691.35,2024-03-10 08:02:00
1187,51,31,4,32974.3,2024-09-21 02:12:00
1188,274,46,2,1503.66,2024-07-19 10:18:00
1189,389,29,3,40834.34,2024-05-13 06:15:00
1190,224,51,1,6342.58,2024-07-02 10:52:00
1191,86,37,1,10480.62,2024-01-17 13:06:00
1192,356,56,1,12236.36,2024-07-12 20:47:00
1193,39,25,5,56427.97,2024-10-10 18:15:00
1194,311,38,4,11367.09,2024-03-20 07:13:00
1195,263,55,1,10645.24,2024-04-20 11:14:00
1196,152,35,2,16653.2,2024-01-17 14:34:00
1197,150,18,2,4612.85,2024-02-18 09:55:00
1198,329,1,1,14844.08,2024-02-12 07:14:00
1199,324,57,3,16797.33,2024-09-13 20:25:00
1200,136,4,5,30918.59,2024-04-28 04:42:00
